{"cameraMode":{"drawMode":0,"name":"Shaded","section":"Shading Mode"},"sceneLighting":false,"audioPlay":false,"sceneViewState":{"showFog":true,"showMaterialUpdate":false,"showSkybox":false,"showFlares":true,"showImageEffects":true,"showParticleSystems":true},"in2DMode":false,"pivot":{"x":1.7181806564331055,"y":2.9367425441741945,"z":-1.370697259902954},"rotation":{"x":-0.17349231243133546,"y":0.6853017210960388,"z":-0.17338836193084718,"w":-0.6857135891914368},"size":5.7638115882873539,"orthographic":false}